{
  "loss": 0.023315152153372765,
  "mse": 0.005819094367325306,
  "val_loss": 0.0341261550784111,
  "val_mse": 0.006809385493397713,
  "epoch": 7,
  "global_step": 4696
}