{
  "accuracy": 0.7781802415847778,
  "auc": 0.8162310719490051,
  "loss": 0.4903833568096161,
  "precision": 0.7575993537902832,
  "recall": 0.5710928440093994,
  "val_accuracy": 0.7436115741729736,
  "val_auc": 0.7644929885864258,
  "val_loss": 0.5520053505897522,
  "val_precision": 0.7222222089767456,
  "val_recall": 0.5057207942008972,
  "epoch": 1,
  "global_step": 1174
}