{
  "accuracy": 1.0,
  "auc": 1.0,
  "loss": 0.43734949827194214,
  "precision": 1.0,
  "recall": 1.0,
  "val_accuracy": 1.0,
  "val_auc": 1.0,
  "val_loss": 0.43560361862182617,
  "val_precision": 1.0,
  "val_recall": 1.0,
  "epoch": 10,
  "global_step": 11
}