{
  "accuracy": 0.6810142993927002,
  "auc": 0.6786116361618042,
  "loss": 0.6092586517333984,
  "precision": 0.6152980923652649,
  "recall": 0.3213866055011749,
  "val_accuracy": 0.7206133008003235,
  "val_auc": 0.757823646068573,
  "val_loss": 0.5566645860671997,
  "val_precision": 0.702602207660675,
  "val_recall": 0.43249428272247314,
  "epoch": 0,
  "global_step": 587
}