{
  "accuracy": 0.5921585559844971,
  "auc": 0.6188063621520996,
  "loss": 0.7837063670158386,
  "precision": 0.4503280222415924,
  "recall": 0.564629852771759,
  "val_accuracy": 0.7010221481323242,
  "val_auc": 0.7077986001968384,
  "val_loss": 0.6299649477005005,
  "val_precision": 0.6936936974525452,
  "val_recall": 0.3524027466773987,
  "learning_rate": 0.0003000000142492354,
  "epoch": 0,
  "global_step": 294
}