{
  "loss": 0.03127390891313553,
  "mse": 0.005947599187493324,
  "val_loss": 0.04002232104539871,
  "val_mse": 0.006519974675029516,
  "epoch": 8,
  "global_step": 2646
}