{
  "accuracy": 0.7656083703041077,
  "auc": 0.805663526058197,
  "loss": 0.5077530741691589,
  "precision": 0.7408000230789185,
  "recall": 0.5440658330917358,
  "val_accuracy": 0.7027257084846497,
  "val_auc": 0.7319471836090088,
  "val_loss": 0.5824187397956848,
  "val_precision": 0.8548387289047241,
  "val_recall": 0.242562934756279,
  "epoch": 1,
  "global_step": 1174
}