{
  "accuracy": 0.7732793688774109,
  "auc": 0.8144758343696594,
  "loss": 0.49433279037475586,
  "precision": 0.7438837885856628,
  "recall": 0.5716803669929504,
  "val_accuracy": 0.7291311621665955,
  "val_auc": 0.759841799736023,
  "val_loss": 0.5541146993637085,
  "val_precision": 0.645476758480072,
  "val_recall": 0.6041190028190613,
  "epoch": 1,
  "global_step": 1174
}